{
	"class_name" : "PinholeCameraParameters",
	"extrinsic" : 
	[
		0.99938162726189539,
		-0.0,
		0.033625978981587257,
		0.0,
		-0.0,
		-1.0,
		-0.29233132770824194,
		0.0,
		0.035161955169843613,
		-0.0,
		-0.95572573909980396,
		0.0,
		-0.56463386496771506,
		3.2482899721263765,
		8.7297322324300399,
		1.0
	],
	"intrinsic" : 
	{
		"height" : 1055,
		"intrinsic_matrix" : 
		[
			913.65680099258282,
			0.0,
			0.0,
			0.0,
			913.65680099258282,
			0.0,
			959.5,
			527.0,
			1.0
		],
		"width" : 1920
	},
	"version_major" : 1,
	"version_minor" : 0
}